Const,Your Rating,Date Rated,Title,Original Title,URL,Title Type,IMDb Rating,Runtime (mins),Year,Genres,Num Votes,Release Date,Directors
tt37287335,8,2026-06-21,"Obsession","Obsession",https://www.imdb.com/title/tt37287335,Movie,8.1,108,2026,"Horror, Thriller",892,"2026-05-13","Curry Barker"
tt16492678,8,2026-05-21,"Demon Slayer: Kimetsu no Yaiba - Tsuzumi Mansion Arc","Kimetsu no Yaiba: Tsuzumi Yashiki-hen",https://www.imdb.com/title/tt16492678,Movie,8.4,87,2021,"Animation, Action, Fantasy",36333,"2021-10-07","Haruo Sotozaki"
tt11032374,8,2026-05-21,"Demon Slayer: Kimetsu no Yaiba - The Movie: Mugen Train","Gekijô-ban Kimetsu no Yaiba Mugen Ressha-hen",https://www.imdb.com/title/tt11032374,Movie,8.2,117,2020,"Animation, Action, Adventure, Fantasy, Thriller",101454,"2021-04-23","Haruo Sotozaki"
tt32820897,8,2026-05-21,"Demon Slayer: Kimetsu No Yaiba Infinity Castle","Gekijô-ban Kimetsu no Yaiba Mugen Jô-hen",https://www.imdb.com/title/tt32820897,Movie,8.4,155,2025,"Animation, Action, Adventure, Fantasy, Thriller",73622,"2025-09-12","Haruo Sotozaki,Hikaru Kondô"
tt9335498,8,2026-05-21,"Demon Slayer: Kimetsu no Yaiba","Kimetsu no Yaiba",https://www.imdb.com/title/tt9335498,TV Series,8.6,24,2019,"Animation, Action, Fantasy, Thriller, Adventure",228761,"2021-01-22",
tt1028532,8,2026-05-21,"Hachi: A Dog's Tale","Hachi: A Dog's Tale",https://www.imdb.com/title/tt1028532,Movie,8.1,93,2009,"Drama, Family, Biography",344092,"2010-03-12","Lasse Hallström"
tt12300742,7,2026-03-23,"Bugonia","Bugonia",https://www.imdb.com/title/tt12300742,Movie,7.4,118,2025,"Sci-Fi, Comedy, Crime, Thriller",201206,"2025-10-31","Yorgos Lanthimos"
tt2870612,7,2026-03-23,"As Above, So Below","As Above, So Below",https://www.imdb.com/title/tt2870612,Movie,6.3,93,2014,"Thriller, Horror, Mystery, Adventure",131600,"2014-08-29","John Erick Dowdle"
tt30144839,7,2026-03-23,"One Battle After Another","One Battle After Another",https://www.imdb.com/title/tt30144839,Movie,7.6,161,2025,"Crime, Drama, Thriller",419092,"2025-09-26","Paul Thomas Anderson"
tt14905854,8,2026-03-23,"Hamnet","Hamnet",https://www.imdb.com/title/tt14905854,Movie,7.8,125,2025,"Biography, Drama, History, Romance",120197,"2025-12-05","Chloé Zhao"
tt1645170,8,2026-03-23,"The Dictator","The Dictator",https://www.imdb.com/title/tt1645170,Movie,6.5,83,2012,"Comedy",369216,"2012-05-16","Larry Charles"
tt0361748,9,2025-08-31,"Inglourious Basterds","Inglourious Basterds",https://www.imdb.com/title/tt0361748,Movie,8.4,153,2009,"War, Drama",1791565,"2009-08-21","Quentin Tarantino"
tt7131622,8,2025-08-24,"Once Upon a Time in... Hollywood","Once Upon a Time in... Hollywood",https://www.imdb.com/title/tt7131622,Movie,7.6,161,2019,"Drama, Comedy",966065,"2019-07-26","Quentin Tarantino"
tt0206634,9,2025-07-05,"Children of Men","Children of Men",https://www.imdb.com/title/tt0206634,Movie,7.9,109,2006,"Thriller, Drama, Sci-Fi",567566,"2007-01-05","Alfonso Cuarón"
tt16311594,8,2025-07-02,"F1: The Movie","F1",https://www.imdb.com/title/tt16311594,Movie,7.6,155,2025,"Sport, Drama",368731,"2025-06-27","Joseph Kosinski"
tt0993846,9,2025-06-30,"The Wolf of Wall Street","The Wolf of Wall Street",https://www.imdb.com/title/tt0993846,Movie,8.2,180,2013,"Crime, Drama, Biography, Comedy",1796857,"2013-12-25","Martin Scorsese"
tt2866360,6,2025-06-27,"Coherence","Coherence",https://www.imdb.com/title/tt2866360,Movie,7.2,89,2013,"Sci-Fi, Thriller, Mystery",174778,"2014-08-06","James Ward Byrkit"
tt0166924,10,2025-06-26,"Mulholland Drive","Mulholland Dr.",https://www.imdb.com/title/tt0166924,Movie,7.9,147,2001,"Drama, Thriller, Mystery",429269,"2001-10-19","David Lynch"
tt0278238,9,2025-06-26,"Samurai Jack","Samurai Jack",https://www.imdb.com/title/tt0278238,TV Series,8.5,23,2001,"Animation, Thriller, Sci-Fi, Drama, Adventure, Fantasy, Action",66796,"2001-08-10",
tt1853728,9,2025-06-26,"Django Unchained","Django Unchained",https://www.imdb.com/title/tt1853728,Movie,8.5,165,2012,"Western, Drama",1889923,"2012-12-25","Quentin Tarantino"
tt6723592,6,2025-06-25,"Tenet","Tenet",https://www.imdb.com/title/tt6723592,Movie,7.3,150,2020,"Action, Sci-Fi, Thriller",688844,"2020-09-03","Christopher Nolan"
tt2322441,6,2025-06-25,"Fifty Shades of Grey","Fifty Shades of Grey",https://www.imdb.com/title/tt2322441,Movie,4.2,125,2015,"Drama, Romance, Thriller",357216,"2015-02-13","Sam Taylor-Johnson"
tt1649418,4,2025-06-23,"The Gray Man","The Gray Man",https://www.imdb.com/title/tt1649418,Movie,6.5,122,2022,"Thriller, Mystery, Action",274550,"2022-07-22","Joe Russo,Anthony Russo"
tt1345836,8,2025-06-21,"The Dark Knight Rises","The Dark Knight Rises",https://www.imdb.com/title/tt1345836,Movie,8.4,164,2012,"Thriller, Crime",2001309,"2012-07-20","Christopher Nolan"
tt1723811,7,2025-06-20,"Shame","Shame",https://www.imdb.com/title/tt1723811,Movie,7.2,101,2011,"Drama",217793,"2011","Steve McQueen"
tt0309987,9,2025-06-19,"The Dreamers","The Dreamers",https://www.imdb.com/title/tt0309987,Movie,7.1,115,2003,"Romance, Drama",141348,"2004-02-20","Bernardo Bertolucci"
tt3783958,9,2025-06-19,"La La Land","La La Land",https://www.imdb.com/title/tt3783958,Movie,8.0,128,2016,"Musical, Comedy, Drama, Romance, Music",766471,"2016-12-25","Damien Chazelle"
tt0111161,8,2025-06-19,"The Shawshank Redemption","The Shawshank Redemption",https://www.imdb.com/title/tt0111161,Movie,9.3,142,1994,"Drama",3198783,"1994-10-14","Frank Darabont"
tt11126994,8,2025-06-19,"Arcane","Arcane: League of Legends",https://www.imdb.com/title/tt11126994,TV Series,9.0,40,2021,"Animation, Action, Adventure, Drama, Fantasy, Sci-Fi",447360,"2021-11-06",
tt0133093,8,2025-06-19,"The Matrix","The Matrix",https://www.imdb.com/title/tt0133093,Movie,8.7,136,1999,"Action, Sci-Fi",2254638,"1999-03-31","Lana Wachowski,Lilly Wachowski"
tt1375666,8,2025-06-19,"Inception","Inception",https://www.imdb.com/title/tt1375666,Movie,8.8,148,2010,"Sci-Fi, Thriller, Adventure",2826941,"2010-07-16","Christopher Nolan"
tt0113824,8,2025-06-19,"Whisper of the Heart","Mimi o sumaseba",https://www.imdb.com/title/tt0113824,Movie,7.8,111,1995,"Animation, Family, Romance, Drama",83708,"1996-12-13","Yoshifumi Kondō"
tt2576852,8,2025-06-19,"The Tale of The Princess Kaguya","Kaguya-hime no monogatari",https://www.imdb.com/title/tt2576852,Movie,8.0,137,2013,"Animation, Drama, Fantasy, Family, Romance",62295,"2013-11-23","Isao Takahata"
tt1877830,8,2025-06-19,"The Batman","The Batman",https://www.imdb.com/title/tt1877830,Movie,7.8,176,2022,"Crime, Mystery, Action, Drama",933002,"2022-03-04","Matt Reeves"
tt0816692,8,2025-06-19,"Interstellar","Interstellar",https://www.imdb.com/title/tt0816692,Movie,8.7,169,2014,"Sci-Fi, Adventure, Drama",2546298,"2014-11-07","Christopher Nolan"
tt1298650,8,2025-06-19,"Pirates of the Caribbean: On Stranger Tides","Pirates of the Caribbean: On Stranger Tides",https://www.imdb.com/title/tt1298650,Movie,6.6,136,2011,"Action, Adventure, Fantasy",608919,"2011-05-20","Rob Marshall"
tt0325980,8,2025-06-19,"Pirates of the Caribbean: The Curse of the Black Pearl","Pirates of the Caribbean: The Curse of the Black Pearl",https://www.imdb.com/title/tt0325980,Movie,8.1,143,2003,"Fantasy, Action, Adventure",1329593,"2003-07-09","Gore Verbinski"
tt2582802,8,2025-06-19,"Whiplash","Whiplash",https://www.imdb.com/title/tt2582802,Movie,8.5,106,2014,"Drama, Music",1161298,"2014-10-15","Damien Chazelle"
tt2861424,8,2025-06-19,"Rick and Morty","Rick and Morty",https://www.imdb.com/title/tt2861424,TV Series,9.0,23,2013,"Animation, Adventure, Comedy, Sci-Fi",698937,"2013-12-02",
tt0944947,8,2025-06-19,"Game of Thrones","Game of Thrones",https://www.imdb.com/title/tt0944947,TV Series,9.2,60,2011,"Fantasy, Drama",2625932,"2011-04-17",
tt0449088,8,2025-06-19,"Pirates of the Caribbean: At World's End","Pirates of the Caribbean: At World's End",https://www.imdb.com/title/tt0449088,Movie,7.2,169,2007,"Action, Adventure, Fantasy",746247,"2007-05-25","Gore Verbinski"
tt0383574,8,2025-06-19,"Pirates of the Caribbean: Dead Man's Chest","Pirates of the Caribbean: Dead Man's Chest",https://www.imdb.com/title/tt0383574,Movie,7.4,151,2006,"Adventure, Fantasy, Action",828635,"2006-07-07","Gore Verbinski"
tt1790809,8,2025-06-19,"Pirates of the Caribbean: Dead Men Tell No Tales","Pirates of the Caribbean: Dead Men Tell No Tales",https://www.imdb.com/title/tt1790809,Movie,6.5,129,2017,"Action, Adventure, Fantasy",386700,"2017-05-26","Joachim Rønning,Espen Sandberg"
tt0120663,10,2025-06-19,"Eyes Wide Shut","Eyes Wide Shut",https://www.imdb.com/title/tt0120663,Movie,7.5,159,1999,"Mystery, Drama, Thriller",431387,"1999-07-16","Stanley Kubrick"
tt0105323,8,2025-06-19,"Scent of a Woman","Scent of a Woman",https://www.imdb.com/title/tt0105323,Movie,8.0,156,1992,"Drama",372717,"1993-01-08","Martin Brest"
tt0093058,8,2025-06-19,"Full Metal Jacket","Full Metal Jacket",https://www.imdb.com/title/tt0093058,Movie,8.2,116,1987,"Drama, War",852062,"1987-07-10","Stanley Kubrick"
tt0114369,9,2025-06-19,"Seven","Se7en",https://www.imdb.com/title/tt0114369,Movie,8.6,127,1995,"Mystery, Drama, Crime, Thriller",2029032,"1995-09-22","David Fincher"
tt5311514,9,2025-06-19,"Your Name.","Kimi no na wa.",https://www.imdb.com/title/tt5311514,Movie,8.4,106,2016,"Animation, Drama, Romance, Fantasy",395652,"2017-04-07","Makoto Shinkai"
tt0095327,9,2025-06-19,"Grave of the Fireflies","Hotaru no haka",https://www.imdb.com/title/tt0095327,Movie,8.5,88,1988,"Animation, Drama, War",388086,"1989-07-26","Isao Takahata"
tt1305826,9,2025-06-19,"Adventure Time","Adventure Time",https://www.imdb.com/title/tt1305826,TV Series,8.7,23,2010,"Animation, Adventure, Comedy, Fantasy, Sci-Fi, Action, Family",133949,"2010-04-05",
tt5363918,9,2025-06-17,"Disenchantment","Disenchantment",https://www.imdb.com/title/tt5363918,TV Series,7.2,30,2018,"Animation, Comedy, Fantasy, Adventure, Action, Horror, Romance, Sci-Fi",80423,"2018-08-17",
tt2361509,7,2025-06-10,"The Intern","The Intern",https://www.imdb.com/title/tt2361509,Movie,7.1,121,2015,"Comedy, Drama",311000,"2015-09-25","Nancy Meyers"
tt15398776,8,2025-05-12,"Oppenheimer","Oppenheimer",https://www.imdb.com/title/tt15398776,Movie,8.2,180,2023,"Biography, Drama, History",1050656,"2023-07-21","Christopher Nolan"
tt1130884,8,2025-03-11,"Shutter Island","Shutter Island",https://www.imdb.com/title/tt1130884,Movie,8.2,138,2010,"Thriller, Mystery, Drama",1656321,"2010-02-19","Martin Scorsese"
tt0086250,9,2025-03-10,"Scarface","Scarface",https://www.imdb.com/title/tt0086250,Movie,8.3,170,1983,"Crime, Drama",1020187,"1983-12-09","Brian De Palma"
tt0497465,6,2025-02-08,"Vicky Cristina Barcelona","Vicky Cristina Barcelona",https://www.imdb.com/title/tt0497465,Movie,7.1,96,2008,"Drama, Romance, Comedy",281129,"2008-08-15","Woody Allen"
tt17526714,8,2025-02-06,"The Substance","The Substance",https://www.imdb.com/title/tt17526714,Movie,7.2,141,2024,"Drama, Horror, Sci-Fi",441125,"2024-09-20","Coralie Fargeat"
tt1790885,7,2025-01-27,"Zero Dark Thirty","Zero Dark Thirty",https://www.imdb.com/title/tt1790885,Movie,7.4,157,2012,"Thriller, Drama, History",342120,"2013-01-11","Kathryn Bigelow"
tt0468569,10,2025-01-25,"The Dark Knight","The Dark Knight",https://www.imdb.com/title/tt0468569,Movie,9.1,152,2008,"Crime, Thriller",3179618,"2008-07-18","Christopher Nolan"
tt0381061,9,2024-08-26,"Casino Royale","Casino Royale",https://www.imdb.com/title/tt0381061,Movie,8.0,144,2006,"Thriller, Action, Adventure",747558,"2006-11-17","Martin Campbell"
tt0482571,8,2024-08-03,"The Prestige","The Prestige",https://www.imdb.com/title/tt0482571,Movie,8.5,130,2006,"Drama, Thriller, Mystery, Sci-Fi",1594535,"2006-10-20","Christopher Nolan"
tt6263850,6,2024-08-03,"Deadpool & Wolverine","Deadpool & Wolverine",https://www.imdb.com/title/tt6263850,Movie,7.5,128,2024,"Action, Comedy, Sci-Fi, Adventure",573466,"2024-07-26","Shawn Levy"
tt1051906,5,2023-07-13,"The Invisible Man","The Invisible Man",https://www.imdb.com/title/tt1051906,Movie,7.1,124,2020,"Sci-Fi, Thriller, Horror, Mystery, Drama",286581,"2020-02-28","Leigh Whannell"
tt1706620,7,2023-07-10,"Snowpiercer","Snowpiercer",https://www.imdb.com/title/tt1706620,Movie,7.1,126,2013,"Sci-Fi, Thriller, Action, Drama",422026,"2014-07-11","Bong Joon Ho"
tt0209144,8,2023-07-10,"Memento","Memento",https://www.imdb.com/title/tt0209144,Movie,8.4,113,2000,"Thriller, Mystery",1438523,"2001-05-25","Christopher Nolan"
tt4158110,9,2023-07-10,"Mr. Robot","Mr. Robot",https://www.imdb.com/title/tt4158110,TV Series,8.5,45,2015,"Crime, Drama, Thriller",469602,"2015-06-24",
tt7366338,9,2023-06-07,"Chernobyl","Chernobyl",https://www.imdb.com/title/tt7366338,TV Mini Series,9.3,60,2019,"Drama, History, Thriller",1044363,"2019-05-06",
tt2084970,6,2023-05-20,"The Imitation Game","The Imitation Game",https://www.imdb.com/title/tt2084970,Movie,8.0,114,2014,"Drama, Biography, Thriller, War",879797,"2014-12-25","Morten Tyldum"
tt5323662,8,2023-05-18,"A Silent Voice: The Movie","Koe no katachi",https://www.imdb.com/title/tt5323662,Movie,8.2,130,2016,"Animation, Drama",144170,"2016-09-17","Naoko Yamada"
tt1568346,8,2023-05-16,"The Girl with the Dragon Tattoo","The Girl with the Dragon Tattoo",https://www.imdb.com/title/tt1568346,Movie,7.8,158,2011,"Drama, Thriller, Crime, Mystery",529596,"2011-12-21","David Fincher"
tt0144084,8,2023-05-16,"American Psycho","American Psycho",https://www.imdb.com/title/tt0144084,Movie,7.6,102,2000,"Crime, Horror, Drama",842883,"2000-04-14","Mary Harron"
tt0780504,9,2023-05-16,"Drive","Drive",https://www.imdb.com/title/tt0780504,Movie,7.8,100,2011,"Drama, Action",765957,"2011-09-16","Nicolas Winding Refn"
tt1392214,7,2023-05-16,"Prisoners","Prisoners",https://www.imdb.com/title/tt1392214,Movie,8.2,153,2013,"Crime, Drama, Thriller, Mystery",940669,"2013-09-20","Denis Villeneuve"
tt1798709,7,2023-05-16,"Her","Her",https://www.imdb.com/title/tt1798709,Movie,8.0,126,2013,"Romance, Sci-Fi, Drama",728559,"2014-01-10","Spike Jonze"
tt1663202,7,2023-05-16,"The Revenant","The Revenant",https://www.imdb.com/title/tt1663202,Movie,8.0,156,2015,"Action, Drama, Western",952683,"2016-01-08","Alejandro G. Iñárritu"
tt6966692,7,2023-05-16,"Green Book","Green Book",https://www.imdb.com/title/tt6966692,Movie,8.2,130,2018,"Drama, Biography, Comedy, Music",690949,"2018-11-16","Peter Farrelly"
tt2267998,7,2023-05-13,"Gone Girl","Gone Girl",https://www.imdb.com/title/tt2267998,Movie,8.1,149,2014,"Thriller, Drama, Mystery",1173313,"2014-10-03","David Fincher"
tt2872718,8,2023-04-23,"Nightcrawler","Nightcrawler",https://www.imdb.com/title/tt2872718,Movie,7.8,117,2014,"Crime, Thriller, Drama",672509,"2014-10-31","Dan Gilroy"
tt0338013,8,2023-04-23,"Eternal Sunshine of the Spotless Mind","Eternal Sunshine of the Spotless Mind",https://www.imdb.com/title/tt0338013,Movie,8.3,108,2004,"Drama, Sci-Fi, Romance",1185069,"2004-03-19","Michel Gondry"
tt0169547,8,2023-04-23,"American Beauty","American Beauty",https://www.imdb.com/title/tt0169547,Movie,8.3,122,1999,"Drama",1280962,"1999-10-01","Sam Mendes"
tt0137523,8,2023-04-23,"Fight Club","Fight Club",https://www.imdb.com/title/tt0137523,Movie,8.8,139,1999,"Drama, Crime, Thriller",2619402,"1999-10-15","David Fincher"
tt0245429,10,2022-07-28,"Spirited Away","Sen to Chihiro no kamikakushi",https://www.imdb.com/title/tt0245429,Movie,8.6,124,2001,"Animation, Family, Adventure, Fantasy",971457,"2003-03-28","Hayao Miyazaki"
tt0253474,8,2022-07-23,"The Pianist","The Pianist",https://www.imdb.com/title/tt0253474,Movie,8.5,150,2002,"Biography, Music, Drama, War",1014490,"2003-03-28","Roman Polanski"
tt0458339,5,2022-07-07,"Captain America: The First Avenger","Captain America: The First Avenger",https://www.imdb.com/title/tt0458339,Movie,6.9,124,2011,"Action, Adventure, Sci-Fi",970577,"2011-07-22","Joe Johnston"
tt0371746,6,2022-07-07,"Iron Man","Iron Man",https://www.imdb.com/title/tt0371746,Movie,7.9,126,2008,"Action, Sci-Fi, Adventure",1228624,"2008-05-02","Jon Favreau"
tt11448214,4,2022-07-07,"Rent-a-Girlfriend","Kanojo, Okarishimasu",https://www.imdb.com/title/tt11448214,TV Series,6.7,24,2020,"Animation, Comedy, Romance",12378,"2020-07-11",
tt0450259,8,2022-07-07,"Blood Diamond","Blood Diamond",https://www.imdb.com/title/tt0450259,Movie,8.0,143,2006,"Drama, Adventure, Thriller",626982,"2006-12-08","Edward Zwick"
tt8155288,2,2022-07-07,"Happy Death Day 2U","Happy Death Day 2U",https://www.imdb.com/title/tt8155288,Movie,6.2,100,2019,"Horror, Mystery, Thriller, Comedy, Sci-Fi",96441,"2019-02-13","Christopher Landon"
tt0803096,3,2022-07-07,"Warcraft","Warcraft",https://www.imdb.com/title/tt0803096,Movie,6.7,123,2016,"Animation, Action, Adventure, Fantasy",296196,"2016-06-10","Duncan Jones"
tt4044364,6,2022-07-07,"Citizenfour","Citizenfour",https://www.imdb.com/title/tt4044364,Movie,8.0,114,2014,"Documentary, Biography",60126,"2014-11-28","Laura Poitras"
tt6741278,7,2022-07-07,"Invincible","Invincible",https://www.imdb.com/title/tt6741278,TV Series,8.7,50,2021,"Animation, Sci-Fi, Action, Drama, Adventure, Fantasy, Thriller",343956,"2021-03-26",
tt1190634,7,2022-07-07,"The Boys","The Boys",https://www.imdb.com/title/tt1190634,TV Series,8.5,60,2019,"Action, Sci-Fi, Crime, Comedy, Drama",997588,"2019-07-26",
tt6264654,5,2022-07-07,"Free Guy","Free Guy",https://www.imdb.com/title/tt6264654,Movie,7.1,115,2021,"Action, Comedy, Sci-Fi, Adventure, Fantasy, Romance",490720,"2021-08-13","Shawn Levy"
tt5180504,6,2022-07-07,"The Witcher","The Witcher",https://www.imdb.com/title/tt5180504,TV Series,7.8,60,2019,"Adventure, Fantasy, Mystery, Action, Drama",621318,"2019-12-20",
tt8772296,4,2022-07-07,"Euphoria","Euphoria",https://www.imdb.com/title/tt8772296,TV Series,8.1,60,2019,"Drama",314895,"2019-06-16",
tt1745960,8,2022-06-13,"Top Gun: Maverick","Top Gun: Maverick",https://www.imdb.com/title/tt1745960,Movie,8.2,130,2022,"Action, Drama",881394,"2022-05-27","Joseph Kosinski"
tt1856101,9,2022-05-19,"Blade Runner 2049","Blade Runner 2049",https://www.imdb.com/title/tt1856101,Movie,8.0,164,2017,"Sci-Fi, Thriller, Action, Drama, Mystery",757568,"2017-10-06","Denis Villeneuve"
tt1675192,7,2022-04-21,"Take Shelter","Take Shelter",https://www.imdb.com/title/tt1675192,Movie,7.3,120,2011,"Drama, Thriller",115859,"2011-11-10","Jeff Nichols"
tt4154796,5,2022-04-21,"Avengers: Endgame","Avengers: Endgame",https://www.imdb.com/title/tt4154796,Movie,8.4,181,2019,"Action, Sci-Fi, Adventure",1454196,"2019-04-26","Anthony Russo,Joe Russo"
tt14114802,8,2022-04-08,"The Outfit","The Outfit",https://www.imdb.com/title/tt14114802,Movie,7.2,105,2022,"Crime, Drama, Thriller, Mystery",87061,"2022-03-18","Graham Moore"
tt2140479,7,2022-02-12,"The Accountant","The Accountant",https://www.imdb.com/title/tt2140479,Movie,7.3,128,2016,"Thriller, Action, Crime, Drama",397787,"2016-10-14","Gavin O'Connor"
tt9421570,6,2022-02-12,"The Guilty","The Guilty",https://www.imdb.com/title/tt9421570,Movie,6.3,90,2021,"Drama, Thriller, Crime",176639,"2021-10-01","Antoine Fuqua"
tt0109830,8,2022-01-19,"Forrest Gump","Forrest Gump",https://www.imdb.com/title/tt0109830,Movie,8.8,142,1994,"Romance, Drama",2503932,"1994-07-06","Robert Zemeckis"
tt10872600,4,2021-12-18,"Spider-Man: No Way Home","Spider-Man: No Way Home",https://www.imdb.com/title/tt10872600,Movie,8.1,148,2021,"Action, Adventure, Sci-Fi, Fantasy",1027382,"2021-12-17","Jon Watts"
tt6334354,2,2021-12-16,"The Suicide Squad","The Suicide Squad",https://www.imdb.com/title/tt6334354,Movie,7.2,132,2021,"Action, Adventure, Sci-Fi, Comedy",460129,"2021-08-05","James Gunn"
tt4244994,8,2021-11-02,"The Last Duel","The Last Duel",https://www.imdb.com/title/tt4244994,Movie,7.3,152,2021,"Drama, History, Thriller",207510,"2021-10-15","Ridley Scott"
tt3398268,10,2021-10-24,"When Marnie Was There","Omoide no Mânî",https://www.imdb.com/title/tt3398268,Movie,7.6,103,2014,"Animation, Drama, Family, Mystery",55530,"2015-08-07","Hiromasa Yonebayashi"
tt7097896,4,2021-10-17,"Venom: Let There Be Carnage","Venom: Let There Be Carnage",https://www.imdb.com/title/tt7097896,Movie,5.9,97,2021,"Animation, Action, Thriller, Sci-Fi, Adventure, Fantasy, Horror, Crime",305347,"2021-10-01","Andy Serkis"
tt2382320,7,2021-10-11,"No Time to Die","No Time to Die",https://www.imdb.com/title/tt2382320,Movie,7.3,163,2021,"Action, Thriller, Adventure",489474,"2021-10-08","Cary Joji Fukunaga"
tt10919420,7,2021-10-08,"Squid Game","Ojing-eo geim",https://www.imdb.com/title/tt10919420,TV Series,7.9,60,2021,"Mystery, Thriller, Drama, Action, Crime",764894,"2021-09-17",
tt7767422,8,2021-09-27,"Sex Education","Sex Education",https://www.imdb.com/title/tt7767422,TV Series,8.2,60,2019,"Drama, Comedy, Romance",399299,"2019-01-11",
tt9376612,6,2021-09-16,"Shang-Chi and the Legend of the Ten Rings","Shang-Chi and the Legend of the Ten Rings",https://www.imdb.com/title/tt9376612,Movie,7.3,132,2021,"Action, Adventure, Fantasy, Sci-Fi",490281,"2021-09-03","Destin Daniel Cretton"
tt0096283,8,2021-09-14,"My Neighbor Totoro","Tonari no Totoro",https://www.imdb.com/title/tt0096283,Movie,8.1,86,1988,"Animation, Family, Comedy, Adventure, Fantasy",433561,"1990-07-13","Hayao Miyazaki"
tt0347149,8,2021-09-13,"Howl's Moving Castle","Hauru no ugoku shiro",https://www.imdb.com/title/tt0347149,Movie,8.2,119,2004,"Animation, Adventure, Family, Fantasy",514683,"2005-06-17","Hayao Miyazaki"
tt0092067,8,2021-09-05,"Castle in the Sky","Tenkû no shiro Rapyuta",https://www.imdb.com/title/tt0092067,Movie,8.0,124,1986,"Animation, Fantasy, Family, Adventure",198822,"1991-07-19","Hayao Miyazaki"
tt11804152,3,2021-09-03,"Till Death","Till Death",https://www.imdb.com/title/tt11804152,Movie,5.9,91,2021,"Thriller, Horror",31407,"2021-07-02","S.K. Dale"
tt0327056,8,2021-08-29,"Mystic River","Mystic River",https://www.imdb.com/title/tt0327056,Movie,7.9,138,2003,"Crime, Mystery, Thriller, Drama",523564,"2003-10-15","Clint Eastwood"
tt1987680,6,2021-08-19,"The Upside","The Upside",https://www.imdb.com/title/tt1987680,Movie,7.1,126,2017,"Comedy, Drama",70161,"2019-01-11","Neil Burger"
tt10954652,2,2021-08-12,"Old","Old",https://www.imdb.com/title/tt10954652,Movie,5.8,108,2021,"Thriller, Drama, Mystery",184183,"2021-07-23","M. Night Shyamalan"
tt0364569,7,2021-07-31,"Oldboy","Oldeuboi",https://www.imdb.com/title/tt0364569,Movie,8.3,120,2003,"Mystery, Thriller, Action, Drama",722063,"2003-11-21","Park Chan-wook"
tt10342730,3,2021-07-31,"Spiral","Spiral: From the Book of Saw",https://www.imdb.com/title/tt10342730,Movie,5.2,93,2021,"Horror, Mystery, Thriller, Crime, Drama",77691,"2021-05-14","Darren Lynn Bousman"
tt3228774,5,2021-07-31,"Cruella","Cruella",https://www.imdb.com/title/tt3228774,Movie,7.3,134,2021,"Comedy, Crime, Drama, Adventure",297730,"2021-05-28","Craig Gillespie"
tt0870154,3,2021-07-29,"Jungle Cruise","Jungle Cruise",https://www.imdb.com/title/tt0870154,Movie,6.5,127,2021,"Adventure, Fantasy, Action, Comedy",228001,"2021-07-30","Jaume Collet-Serra"
tt3480822,4,2021-07-25,"Black Widow","Black Widow",https://www.imdb.com/title/tt3480822,Movie,6.6,134,2021,"Action, Adventure, Sci-Fi",479335,"2021-07-09","Cate Shortland"
tt9844522,3,2021-07-21,"Escape Room: Tournament of Champions","Escape Room: Tournament of Champions",https://www.imdb.com/title/tt9844522,Movie,5.8,88,2021,"Mystery, Thriller, Horror, Action, Adventure, Sci-Fi",68817,"2021-07-16","Adam Robitel"
tt8385148,5,2021-07-13,"Hitman's Wife's Bodyguard","Hitman's Wife's Bodyguard",https://www.imdb.com/title/tt8385148,Movie,6.1,100,2021,"Action, Comedy, Thriller, Crime, Romance, Adventure, Drama",119849,"2021-06-16","Patrick Hughes"
tt4839610,8,2021-07-04,"We Bare Bears","We Bare Bears",https://www.imdb.com/title/tt4839610,TV Series,7.8,30,2014,"Animation, Comedy, Family, Fantasy, Adventure",22707,"2015-07-27",
tt0489974,5,2021-06-23,"Carnival Row","Carnival Row",https://www.imdb.com/title/tt0489974,TV Series,7.7,56,2019,"Fantasy, Mystery, Thriller, Crime, Drama",88818,"2019-08-30",
tt9140554,6,2021-06-23,"Loki","Loki",https://www.imdb.com/title/tt9140554,TV Series,8.2,50,2021,"Fantasy, Sci-Fi, Action, Adventure",474836,"2021-06-09",
tt5348176,7,2021-06-23,"Barry","Barry",https://www.imdb.com/title/tt5348176,TV Series,8.3,30,2018,"Comedy, Crime, Drama, Action",143658,"2018-03-25",
tt7242142,6,2021-06-23,"Blindspotting","Blindspotting",https://www.imdb.com/title/tt7242142,Movie,7.4,95,2018,"Comedy, Drama, Crime",34339,"2018-07-27","Carlos López Estrada"
tt0172495,8,2021-06-22,"Gladiator","Gladiator",https://www.imdb.com/title/tt0172495,Movie,8.5,155,2000,"Action, Adventure, Drama",1855770,"2000-05-05","Ridley Scott"
tt0120744,6,2021-06-22,"The Man in the Iron Mask","The Man in the Iron Mask",https://www.imdb.com/title/tt0120744,Movie,6.5,132,1998,"Drama, Adventure, Action",191126,"1998-03-13","Randall Wallace"
tt6470478,7,2021-06-22,"The Good Doctor","The Good Doctor",https://www.imdb.com/title/tt6470478,TV Series,8.0,45,2017,"Drama",130815,"2017-09-25",
tt9253866,9,2021-06-22,"Our Planet","Our Planet",https://www.imdb.com/title/tt9253866,TV Series,9.2,50,2019,"Documentary, Family",63119,"2019-04-05",
tt7846844,6,2021-06-22,"Enola Holmes","Enola Holmes",https://www.imdb.com/title/tt7846844,Movie,6.6,123,2020,"Drama, Mystery, Crime, Adventure",247253,"2020-09-23","Harry Bradbeer"
tt8332922,5,2021-06-15,"A Quiet Place Part II","A Quiet Place Part II",https://www.imdb.com/title/tt8332922,Movie,7.2,97,2020,"Drama, Thriller, Sci-Fi, Horror",324525,"2021-05-28","John Krasinski"
tt0938283,1,2021-06-08,"The Last Airbender","The Last Airbender",https://www.imdb.com/title/tt0938283,Movie,3.9,103,2010,"Adventure, Family, Fantasy, Action",181470,"2010-07-01","M. Night Shyamalan"
tt7069210,2,2021-06-06,"The Conjuring: The Devil Made Me Do It","The Conjuring: The Devil Made Me Do It",https://www.imdb.com/title/tt7069210,Movie,6.2,112,2021,"Horror, Mystery, Thriller",170457,"2021-06-04","Michael Chaves"
tt6902332,5,2021-05-28,"The Marksman","The Marksman",https://www.imdb.com/title/tt6902332,Movie,5.7,108,2021,"Drama, Thriller, Action",49290,"2021-01-15","Robert Lorenz"
tt4857264,7,2021-05-25,"The Invisible Guest","Contratiempo",https://www.imdb.com/title/tt4857264,Movie,8.0,106,2016,"Thriller, Crime, Mystery, Drama",214182,"2017-01-06","Oriol Paulo"
tt9561862,7,2021-05-22,"Love, Death & Robots","Love, Death & Robots",https://www.imdb.com/title/tt9561862,TV Series,8.4,15,2019,"Animation, Short, Comedy, Fantasy, Horror, Sci-Fi, Action, Adventure, Drama, Mystery, Thriller",230223,"2019-03-15",
tt0120382,8,2021-05-22,"The Truman Show","The Truman Show",https://www.imdb.com/title/tt0120382,Movie,8.2,103,1998,"Comedy, Drama",1380619,"1998-06-05","Peter Weir"
tt1259521,6,2021-05-20,"The Cabin in the Woods","The Cabin in the Woods",https://www.imdb.com/title/tt1259521,Movie,7.0,95,2011,"Horror, Mystery, Thriller",491677,"2012-04-13","Drew Goddard"
tt1956620,3,2021-05-20,"Sex Tape","Sex Tape",https://www.imdb.com/title/tt1956620,Movie,5.1,94,2014,"Comedy, Romance",123357,"2014-07-18","Jake Kasdan"
tt7888964,6,2021-05-19,"Nobody","Nobody",https://www.imdb.com/title/tt7888964,Movie,7.4,92,2021,"Action, Crime, Thriller, Drama",396256,"2021-03-26","Ilya Naishuller"
tt7661390,8,2021-05-19,"Gangs of London","Gangs of London",https://www.imdb.com/title/tt7661390,TV Series,8.0,60,2020,"Drama, Action, Crime, Thriller, War",53472,"2020-04-23",
tt11768948,7,2021-05-19,"If Anything Happens I Love You","If Anything Happens I Love You",https://www.imdb.com/title/tt11768948,Short,7.8,13,2020,"Animation, Short, Drama",24344,"2020-11-20","Michael Govier,Will McCormack"
tt5491994,8,2021-05-19,"Planet Earth II","Planet Earth II",https://www.imdb.com/title/tt5491994,TV Mini Series,9.4,50,2016,"Documentary, Family",175561,"2017-02-18",
tt2560140,7,2021-05-18,"Attack on Titan","Shingeki no kyojin",https://www.imdb.com/title/tt2560140,TV Series,9.1,24,2013,"Animation, Fantasy, Horror, Adventure, Drama, Action",724554,"2013-09-28",
tt4504044,6,2021-05-18,"The Prodigy","The Prodigy",https://www.imdb.com/title/tt4504044,Movie,5.9,92,2019,"Thriller, Horror, Mystery, Fantasy",31426,"2019-02-08","Nicholas McCarthy"
tt7440726,6,2021-05-18,"Your Honor","Your Honor",https://www.imdb.com/title/tt7440726,TV Series,7.6,60,2020,"Drama, Crime, Thriller",79972,"2020-12-06",
tt2304589,5,2021-05-12,"Defending Jacob","Defending Jacob",https://www.imdb.com/title/tt2304589,TV Mini Series,7.7,50,2020,"Mystery, Thriller, Drama, Crime",80047,"2020-04-24",
tt0293429,3,2021-04-23,"Mortal Kombat","Mortal Kombat",https://www.imdb.com/title/tt0293429,Movie,6.1,110,2021,"Thriller, Sci-Fi, Adventure, Fantasy, Action",215718,"2021-04-23","Simon McQuoid"
tt1178180,8,2021-04-15,"The Marvelous Misadventures of Flapjack","The Marvelous Misadventures of Flapjack",https://www.imdb.com/title/tt1178180,TV Series,7.8,11,2008,"Animation, Short, Family, Comedy, Fantasy, Adventure, Horror",18096,"2008-06-06",
tt0295297,4,2021-04-07,"Harry Potter and the Chamber of Secrets","Harry Potter and the Chamber of Secrets",https://www.imdb.com/title/tt0295297,Movie,7.5,161,2002,"Mystery, Family, Adventure, Fantasy",768283,"2002-11-15","Chris Columbus"
tt1125849,8,2021-04-06,"The Wrestler","The Wrestler",https://www.imdb.com/title/tt1125849,Movie,7.9,109,2008,"Drama, Sport",331561,"2009-01-30","Darren Aronofsky"
tt9686708,7,2021-04-06,"The King of Staten Island","The King of Staten Island",https://www.imdb.com/title/tt9686708,Movie,7.1,136,2020,"Comedy, Drama",82261,"2020-06-12","Judd Apatow"
tt0848228,6,2021-04-06,"The Avengers","The Avengers",https://www.imdb.com/title/tt0848228,Movie,8.0,143,2012,"Action, Sci-Fi",1562132,"2012-05-04","Joss Whedon"
tt7335184,7,2021-04-06,"You","You",https://www.imdb.com/title/tt7335184,TV Series,7.6,45,2018,"Drama, Crime, Thriller, Romance",369824,"2018-09-09",
tt7216636,8,2021-04-06,"Hazbin Hotel","Hazbin Hotel",https://www.imdb.com/title/tt7216636,TV Series,7.6,32,2019,"Animation, Musical, Comedy, Fantasy, Drama",37237,"2019-10-28",
tt0241527,3,2021-03-26,"Harry Potter and the Sorcerer's Stone","Harry Potter and the Sorcerer's Stone",https://www.imdb.com/title/tt0241527,Movie,7.7,152,2001,"Family, Adventure, Fantasy",954680,"2001-11-16","Chris Columbus"
tt0120737,10,2021-03-26,"The Lord of the Rings: The Fellowship of the Ring","The Lord of the Rings: The Fellowship of the Ring",https://www.imdb.com/title/tt0120737,Movie,8.9,178,2001,"Drama, Adventure, Fantasy",2212295,"2001-12-19","Peter Jackson"
tt1695360,6,2021-03-26,"The Legend of Korra","The Legend of Korra",https://www.imdb.com/title/tt1695360,TV Series,8.3,23,2012,"Animation, Action, Adventure, Fantasy, Family, Sci-Fi",151630,"2012-04-14",
tt1396484,3,2021-03-26,"It","It",https://www.imdb.com/title/tt1396484,Movie,7.3,135,2017,"Horror",699739,"2017-09-08","Andy Muschietti"
tt6315640,4,2021-03-26,"Atypical","Atypical",https://www.imdb.com/title/tt6315640,TV Series,8.2,30,2017,"Comedy, Drama",114209,"2017-08-11",
tt0167261,10,2021-03-23,"The Lord of the Rings: The Two Towers","The Lord of the Rings: The Two Towers",https://www.imdb.com/title/tt0167261,Movie,8.8,179,2002,"Drama, Adventure, Fantasy",1962324,"2002-12-18","Peter Jackson"
tt0167260,10,2021-03-23,"The Lord of the Rings: The Return of the King","The Lord of the Rings: The Return of the King",https://www.imdb.com/title/tt0167260,Movie,9.0,201,2003,"Drama, Adventure, Fantasy",2170123,"2003-12-17","Peter Jackson"
tt7737786,7,2021-03-09,"Greenland","Greenland",https://www.imdb.com/title/tt7737786,Movie,6.4,119,2020,"Thriller, Action, Adventure",172377,"2021-05-08","Ric Roman Waugh"
tt0877057,8,2021-03-09,"Death Note","Death Note: Desu nôto",https://www.imdb.com/title/tt0877057,TV Series,8.9,24,2006,"Animation, Mystery, Crime, Thriller, Fantasy, Drama",485482,"2007-10-20",
tt7456310,4,2021-02-18,"Anna","Anna",https://www.imdb.com/title/tt7456310,Movie,6.7,118,2019,"Action, Thriller, Adventure, Drama",108303,"2019-06-21","Luc Besson"
tt1778304,5,2021-01-27,"Paranormal Activity 3","Paranormal Activity 3",https://www.imdb.com/title/tt1778304,Movie,5.8,83,2011,"Horror, Mystery, Thriller",104777,"2011-10-21","Henry Joost,Ariel Schulman"
tt5463162,7,2021-01-27,"Deadpool 2","Deadpool 2",https://www.imdb.com/title/tt5463162,Movie,7.6,119,2018,"Action, Adventure, Comedy, Sci-Fi",747322,"2018-05-18","David Leitch"
tt1843866,6,2021-01-27,"Captain America: The Winter Soldier","Captain America: The Winter Soldier",https://www.imdb.com/title/tt1843866,Movie,7.7,136,2014,"Action, Adventure, Sci-Fi, Thriller",974816,"2014-04-04","Anthony Russo,Joe Russo"
tt0478970,5,2021-01-27,"Ant-Man","Ant-Man",https://www.imdb.com/title/tt0478970,Movie,7.2,117,2015,"Action, Sci-Fi, Comedy",782664,"2015-07-17","Peyton Reed"
tt3742982,8,2021-01-27,"Akame ga Kill!","Akame ga Kill!",https://www.imdb.com/title/tt3742982,TV Series,7.7,24,2014,"Animation, Action, Comedy, Drama, Fantasy, Thriller, Horror",38197,"2016-12-31",
tt0455275,8,2021-01-27,"Prison Break","Prison Break",https://www.imdb.com/title/tt0455275,TV Series,8.3,44,2005,"Mystery, Thriller, Crime, Drama, Action",670892,"2005-08-29",
tt2085059,7,2021-01-27,"Black Mirror","Black Mirror",https://www.imdb.com/title/tt2085059,TV Series,8.7,60,2011,"Drama, Thriller, Sci-Fi, Mystery, Crime",740457,"2011-12-04",
tt0409591,7,2021-01-27,"Naruto","Naruto",https://www.imdb.com/title/tt0409591,TV Series,8.4,24,2002,"Animation, Action, Comedy, Adventure, Fantasy",168801,"2005-09-10",
tt1082807,5,2021-01-27,"The Belko Experiment","The Belko Experiment",https://www.imdb.com/title/tt1082807,Movie,6.2,89,2016,"Horror, Thriller, Action",67257,"2017-03-17","Greg McLean"
tt0443543,7,2021-01-19,"The Illusionist","The Illusionist",https://www.imdb.com/title/tt0443543,Movie,7.5,110,2006,"Drama, Romance, Mystery, Thriller, Fantasy",405155,"2006-09-01","Neil Burger"
tt0266915,7,2021-01-18,"Rush Hour 2","Rush Hour 2",https://www.imdb.com/title/tt0266915,Movie,6.7,90,2001,"Thriller, Crime, Comedy, Action",261380,"2001-08-03","Brett Ratner"
tt3110958,7,2021-01-18,"Now You See Me 2","Now You See Me 2",https://www.imdb.com/title/tt3110958,Movie,6.4,129,2016,"Comedy, Thriller, Action, Adventure, Mystery, Crime",362378,"2016-06-10","Jon M. Chu"
tt1670345,7,2021-01-10,"Now You See Me","Now You See Me",https://www.imdb.com/title/tt1670345,Movie,7.2,115,2013,"Thriller, Crime, Mystery",772922,"2013-05-31","Louis Leterrier"
tt0120812,7,2021-01-09,"Rush Hour","Rush Hour",https://www.imdb.com/title/tt0120812,Movie,7.1,98,1998,"Thriller, Crime, Comedy, Action",330760,"1998-09-18","Brett Ratner"
tt0372784,7,2020-12-03,"Batman Begins","Batman Begins",https://www.imdb.com/title/tt0372784,Movie,8.2,140,2005,"Crime",1720464,"2005-06-15","Christopher Nolan"
tt3173594,4,2020-12-03,"Hacker","Hacker",https://www.imdb.com/title/tt3173594,Movie,6.1,95,2016,"Crime, Thriller, Drama",12207,"2016-12-02","Akan Satayev"
tt4154756,7,2020-12-03,"Avengers: Infinity War","Avengers: Infinity War",https://www.imdb.com/title/tt4154756,Movie,8.4,149,2018,"Action, Sci-Fi, Adventure",1379074,"2018-04-27","Anthony Russo,Joe Russo"
tt4154664,3,2020-12-03,"Captain Marvel","Captain Marvel",https://www.imdb.com/title/tt4154664,Movie,6.7,123,2019,"Action, Adventure, Sci-Fi",661097,"2019-03-08","Anna Boden,Ryan Fleck"
tt1431045,7,2020-12-03,"Deadpool","Deadpool",https://www.imdb.com/title/tt1431045,Movie,8.0,108,2016,"Action, Sci-Fi, Comedy",1257684,"2016-02-12","Tim Miller"
tt1211837,7,2020-12-03,"Doctor Strange","Doctor Strange",https://www.imdb.com/title/tt1211837,Movie,7.5,115,2016,"Fantasy, Adventure, Action, Sci-Fi",882715,"2016-11-04","Scott Derrickson"
tt1270797,6,2020-12-03,"Venom","Venom",https://www.imdb.com/title/tt1270797,Movie,6.6,112,2018,"Action, Sci-Fi, Adventure",608705,"2018-10-05","Ruben Fleischer"
tt2250912,4,2020-12-03,"Spider-Man: Homecoming","Spider-Man: Homecoming",https://www.imdb.com/title/tt2250912,Movie,7.4,133,2017,"Action, Sci-Fi, Adventure",801703,"2017-07-07","Jon Watts"
tt3896198,6,2020-12-03,"Guardians of the Galaxy: Vol. 2","Guardians of the Galaxy Vol. 2",https://www.imdb.com/title/tt3896198,Movie,7.6,136,2017,"Action, Sci-Fi, Adventure, Comedy, Fantasy, Music",832199,"2017-05-05","James Gunn"
tt2015381,7,2020-12-03,"Guardians of the Galaxy","Guardians of the Galaxy",https://www.imdb.com/title/tt2015381,Movie,8.0,121,2014,"Sci-Fi, Action, Adventure, Comedy",1367732,"2014-08-01","James Gunn"
tt6857112,4,2020-12-03,"Us","Us",https://www.imdb.com/title/tt6857112,Movie,6.8,116,2019,"Thriller, Horror, Mystery",394656,"2019-03-22","Jordan Peele"
tt5052448,7,2020-12-03,"Get Out","Get Out",https://www.imdb.com/title/tt5052448,Movie,7.8,104,2017,"Horror, Mystery, Thriller",822559,"2017-02-24","Jordan Peele"
tt1300854,5,2020-12-03,"Iron Man 3","Iron Man Three",https://www.imdb.com/title/tt1300854,Movie,7.1,130,2013,"Action, Adventure, Sci-Fi",968999,"2013-05-03","Shane Black"
tt1228705,5,2020-12-03,"Iron Man 2","Iron Man 2",https://www.imdb.com/title/tt1228705,Movie,6.9,124,2010,"Action, Sci-Fi",941065,"2010-05-07","Jon Favreau"
tt3498820,6,2020-12-03,"Captain America: Civil War","Captain America: Civil War",https://www.imdb.com/title/tt3498820,Movie,7.8,147,2016,"Action, Sci-Fi",931143,"2016-05-06","Anthony Russo,Joe Russo"
tt5734576,3,2020-12-03,"The Possession of Hannah Grace","The Possession of Hannah Grace",https://www.imdb.com/title/tt5734576,Movie,5.2,86,2018,"Horror, Mystery, Thriller",29528,"2018-11-30","Diederik Van Rooijen"
tt3501632,7,2020-12-03,"Thor: Ragnarok","Thor: Ragnarok",https://www.imdb.com/title/tt3501632,Movie,7.9,130,2017,"Action, Sci-Fi, Adventure, Comedy, Fantasy",898282,"2017-11-03","Taika Waititi"
tt1981115,6,2020-12-03,"Thor: The Dark World","Thor: The Dark World",https://www.imdb.com/title/tt1981115,Movie,6.7,112,2013,"Animation, Action, Adventure, Fantasy, Sci-Fi",779955,"2013-11-08","Alan Taylor"
tt5886046,5,2020-12-03,"Escape Room","Escape Room",https://www.imdb.com/title/tt5886046,Movie,6.4,99,2019,"Thriller, Action, Adventure, Mystery, Horror, Sci-Fi",160419,"2019-01-04","Adam Robitel"
tt7286456,8,2020-12-03,"Joker","Joker",https://www.imdb.com/title/tt7286456,Movie,8.3,122,2019,"Drama",1700897,"2019-10-04","Todd Phillips"
tt1148204,5,2020-12-03,"Orphan","Orphan",https://www.imdb.com/title/tt1148204,Movie,7.0,123,2009,"Thriller, Mystery, Horror",278377,"2009-07-24","Jaume Collet-Serra"
tt1502397,6,2020-12-03,"Bad Boys for Life","Bad Boys for Life",https://www.imdb.com/title/tt1502397,Movie,6.5,124,2020,"Action, Comedy, Thriller, Crime",197720,"2020-01-17","Adil El Arbi,Bilall Fallah"
tt9354944,4,2020-12-03,"Jexi","Jexi",https://www.imdb.com/title/tt9354944,Movie,6.0,84,2019,"Comedy, Romance, Sci-Fi",33744,"2019-10-11","Jon Lucas,Scott Moore"
tt6908274,7,2020-12-03,"Mirage","Durante la tormenta",https://www.imdb.com/title/tt6908274,Movie,7.4,128,2018,"Drama, Thriller, Romance, Mystery, Fantasy",71727,"2019-03-22","Oriol Paulo"
tt7550000,4,2020-12-03,"Project Power","Project Power",https://www.imdb.com/title/tt7550000,Movie,6.0,113,2020,"Thriller, Sci-Fi, Action, Crime",103873,"2020-08-14","Henry Joost,Ariel Schulman"
tt0109686,7,2020-12-03,"Dumb and Dumber","Dumb and Dumber",https://www.imdb.com/title/tt0109686,Movie,7.3,107,1994,"Comedy",444062,"1994-12-16","Peter Farrelly,Bobby Farrelly"
tt0110357,7,2020-12-03,"The Lion King","The Lion King",https://www.imdb.com/title/tt0110357,Movie,8.5,88,1994,"Animation, Musical, Drama, Adventure, Family",1263031,"1994-06-24","Roger Allers,Rob Minkoff"
tt0434409,8,2020-12-03,"V for Vendetta","V for Vendetta",https://www.imdb.com/title/tt0434409,Movie,8.1,132,2005,"Thriller, Action, Drama, Sci-Fi",1248647,"2006-03-17","James McTeigue"
tt7057496,8,2020-12-03,"Forgotten","Gi-eok-ui bam",https://www.imdb.com/title/tt7057496,Movie,7.4,108,2017,"Mystery, Thriller, Crime",62198,"2018-02-21","Jang Hang-jun"
tt6499752,6,2020-12-03,"Upgrade","Upgrade",https://www.imdb.com/title/tt6499752,Movie,7.5,100,2018,"Sci-Fi, Thriller, Action",235031,"2018-06-01","Leigh Whannell"
tt1510938,7,2020-12-03,"The Sunset Limited","The Sunset Limited",https://www.imdb.com/title/tt1510938,TV Movie,7.3,91,2011,"Drama",33847,"2011-02-12","Tommy Lee Jones"
tt6257970,6,2020-12-03,"The End of the F***ing World","The End of the F***ing World",https://www.imdb.com/title/tt6257970,TV Series,8.0,25,2017,"Comedy, Drama, Adventure, Romance, Crime, Thriller",247117,"2017-10-24",
tt3718778,9,2020-12-03,"Over the Garden Wall","Over the Garden Wall",https://www.imdb.com/title/tt3718778,TV Mini Series,8.7,11,2014,"Animation, Short, Fantasy, Adventure, Drama, Family, Horror, Mystery, Comedy, Music",90119,"2014-11-03",
tt10048342,8,2020-12-03,"The Queen's Gambit","The Queen's Gambit",https://www.imdb.com/title/tt10048342,TV Mini Series,8.5,60,2020,"Drama",667164,"2020-10-23",
tt4574334,7,2020-12-03,"Stranger Things","Stranger Things",https://www.imdb.com/title/tt4574334,TV Series,8.6,60,2016,"Drama, Horror, Thriller, Sci-Fi, Mystery, Fantasy",1710091,"2016-07-15",
tt0417299,10,2020-12-03,"Avatar: The Last Airbender","Avatar: The Last Airbender",https://www.imdb.com/title/tt0417299,TV Series,9.3,23,2005,"Animation, Adventure, Family, Fantasy, Action, Mystery",444887,"2005-02-21",
